ACADEMIC_YEAR,SEMESTER,PROGRAM,TOTAL_ENROLLMENT
2018,2,AB COMM,20
2018,2,AB ENGLISH,41
2018,2,AB POLSCI,31
2018,2,ACT,2
2018,2,BEED,59
2018,2,BS CRIM,557
2018,2,BSBA-HRDM,131
2018,2,BSBA-HRM,96
2018,2,BSBA-MM,299
2018,2,BSCS,105
2018,2,BSED-ENGL,117
2018,2,BSED-FIL,108
2018,2,BSED-MAPEH,29
2018,2,BSED-MATH,35
2018,2,BSED-SOCSTUD,53
2018,2,BSOA,88
2018,2,DPE,21
2018,2,GEN  MID,92
2018,2,GRADE 11,247
2018,2,GRADE 12,86
2018,3,AB ENGLISH,3
2018,3,BEED,34
2018,3,BS CRIM,422
2018,3,BSBA-HRDM,55
2018,3,BSBA-HRM,38
2018,3,BSBA-MM,44
2018,3,BSCS,29
2018,3,BSED-ENGL,18
2018,3,BSED-FIL,25
2018,3,BSED-MAPEH,26
2018,3,BSED-MATH,12
2018,3,BSED-SOCSTUD,15
2018,3,BSOA,10
2018,3,GEN  MID,60
2019,2,AB COMM,36
2019,2,AB ENGLISH,54
2019,2,AB POLSCI,60
2019,2,BEED,73
2019,2,BS CRIM,796
2019,2,BSBA-HRDM,47
2019,2,BSBA-HRM,261
2019,2,BSBA-MM,372
2019,2,BSCS,160
2019,2,BSED-ENGL,146
2019,2,BSED-FIL,99
2019,2,BSED-MAPEH,4
2019,2,BSED-MATH,40
2019,2,BSED-SOCSTUD,67
2019,2,BSOA,135
2019,2,GEN  MID,167
2019,2,GRADE 11,100
2019,2,GRADE 12,226
2019,3,BS CRIM,4
2019,3,BSBA-MM,1
2020,2,AB COMM,48
2020,2,AB ENGLISH,64
2020,2,AB POLSCI,65
2020,2,BEED,91
2020,2,BS CRIM,1099
2020,2,BSBA-HRDM,11
2020,2,BSBA-HRM,349
2020,2,BSBA-MM,445
2020,2,BSCS,158
2020,2,BSED-ENGL,215
2020,2,BSED-FIL,104
2020,2,BSED-MATH,54
2020,2,BSED-SOCSTUD,81
2020,2,BSISM,200
2020,2,BSOA,205
2020,2,GEN  MID,174
2020,2,GRADE 11,64
2020,2,GRADE 12,96
2020,3,AB POLSCI,1
2020,3,BEED,53
2020,3,BS CRIM,979
2020,3,BSBA-MM,3
2020,3,BSCS,49
2020,3,BSED-ENGL,122
2020,3,BSED-FIL,70
2020,3,BSED-MATH,31
2020,3,BSED-SOCSTUD,47
2020,3,GEN  MID,149
2021,2,AB COMM,59
2021,2,AB ENGLISH,145
2021,2,AB POLSCI,80
2021,2,BEED,112
2021,2,BS CRIM,1138
2021,2,BSBA-HRDM,2
2021,2,BSBA-HRM,556
2021,2,BSBA-MM,639
2021,2,BSCS,178
2021,2,BSED-ENGL,235
2021,2,BSED-FIL,132
2021,2,BSED-MATH,71
2021,2,BSED-SOCSTUD,108
2021,2,BSISM,762
2021,2,BSOA,325
2021,2,GEN  MID,201
2021,2,GRADE 12,63
2021,3,BEED,18
2021,3,BS CRIM,937
2021,3,BSCS,51
2021,3,BSED-ENGL,69
2021,3,BSED-FIL,33
2021,3,BSED-MATH,15
2021,3,BSED-SOCSTUD,26
2021,3,GEN  MID,158
2022,1,AB COMM,92
2022,1,AB ENGLISH,166
2022,1,AB POLSCI,104
2022,1,BEED,120
2022,1,BS CRIM,1050
2022,1,BSBA-HRDM,1
2022,1,BSBA-HRM,664
2022,1,BSBA-MM,845
2022,1,BSCS,176
2022,1,BSED-ENGL,209
2022,1,BSED-FIL,154
2022,1,BSED-MATH,100
2022,1,BSED-SOCSTUD,127
2022,1,BSISM,872
2022,1,BSOA,376
2022,1,GEN  MID,293
2022,2,AB COMM,81
2022,2,AB ENGLISH,151
2022,2,AB POLSCI,99
2022,2,BEED,92
2022,2,BS CRIM,1018
2022,2,BSBA-HRDM,1
2022,2,BSBA-HRM,591
2022,2,BSBA-MM,732
2022,2,BSCS,153
2022,2,BSED-ENGL,194
2022,2,BSED-FIL,136
2022,2,BSED-MATH,96
2022,2,BSED-SOCSTUD,119
2022,2,BSISM,758
2022,2,BSOA,329
2022,2,GEN  MID,185
2022,3,AB POLSCI,1
2022,3,BEED,25
2022,3,BS CRIM,648
2022,3,BSBA-HRM,6
2022,3,BSBA-MM,11
2022,3,BSCS,28
2022,3,BSED-ENGL,61
2022,3,BSED-FIL,35
2022,3,BSED-MATH,22
2022,3,BSED-SOCSTUD,21
2022,3,BSISM,113
2022,3,GEN  MID,166
2023,1,AB COMM,173
2023,1,AB ENGLISH,227
2023,1,AB POLSCI,156
2023,1,BEED,143
2023,1,BS CRIM,1052
2023,1,BSBA-HRDM,1
2023,1,BSBA-HRM,791
2023,1,BSBA-MM,890
2023,1,BSCS,207
2023,1,BSED-ENGL,257
2023,1,BSED-FIL,159
2023,1,BSED-MATH,108
2023,1,BSED-SOCSTUD,108
2023,1,BSISM,1467
2023,1,BSM,179
2023,1,BSOA,410
2023,1,GEN  MID,131
2023,2,AB COMM,157
2023,2,AB ENGLISH,219
2023,2,AB POLSCI,142
2023,2,BEED,136
2023,2,BS CRIM,850
2023,2,BSBA-HRDM,1
2023,2,BSBA-HRM,698
2023,2,BSBA-MM,839
2023,2,BSCS,169
2023,2,BSED-ENGL,249
2023,2,BSED-FIL,146
2023,2,BSED-MATH,106
2023,2,BSED-SOCSTUD,105
2023,2,BSISM,1274
2023,2,BSM,160
2023,2,BSOA,386
2023,2,GEN  MID,121
2023,3,AB POLSCI,7
2023,3,BEED,27
2023,3,BS CRIM,526
2023,3,BSCS,88
2023,3,BSED-ENGL,52
2023,3,BSED-FIL,29
2023,3,BSED-MATH,30
2023,3,BSED-SOCSTUD,33
2023,3,BSISM,422
2023,3,GEN  MID,17
2024,1,AB COMM,279
2024,1,AB ENGLISH,290
2024,1,AB POLSCI,171
2024,1,BEED,193
2024,1,BS CRIM,822
2024,1,BSBA-HRM,892
2024,1,BSBA-MM,1042
2024,1,BSCS,247
2024,1,BSED-ENGL,250
2024,1,BSED-FIL,150
2024,1,BSED-MATH,115
2024,1,BSED-SOCSTUD,96
2024,1,BSISM,1811
2024,1,BSM,335
2024,1,BSOA,432
2024,1,GEN  MID,14
2024,2,AB COMM,253
2024,2,AB ENGLISH,265
2024,2,AB POLSCI,160
2024,2,BEED,170
2024,2,BS CRIM,641
2024,2,BSBA-HRM,796
2024,2,BSBA-MM,949
2024,2,BSCS,219
2024,2,BSED-ENGL,237
2024,2,BSED-FIL,142
2024,2,BSED-MATH,108
2024,2,BSED-SOCSTUD,85
2024,2,BSISM,1552
2024,2,BSM,324
2024,2,BSOA,418
2024,2,GEN  MID,9
2024,3,BEED,62
2024,3,BS CRIM,381
2024,3,BSCS,146
2024,3,BSED-ENGL,69
2024,3,BSED-FIL,37
2024,3,BSED-MATH,33
2024,3,BSED-SOCSTUD,21
2024,3,BSISM,652
2025,1,AB COMM,304
2025,1,AB ENGLISH,328
2025,1,AB POLSCI,191
2025,1,BEED,203
2025,1,BS CRIM,595
2025,1,BSBA-FM,101
2025,1,BSBA-HRM,958
2025,1,BSBA-MM,1170
2025,1,BSCS,305
2025,1,BSED-ENGL,219
2025,1,BSED-FIL,154
2025,1,BSED-MATH,111
2025,1,BSED-SOCSTUD,86
2025,1,BSISM,1612
2025,1,BSM,829
2025,1,BSOA,477
2025,1,GEN  MID,3
2025,2,AB COMM,291
2025,2,AB ENGLISH,299
2025,2,AB POLSCI,182
2025,2,BEED,192
2025,2,BS CRIM,506
2025,2,BSBA-FM,77
2025,2,BSBA-HRM,845
2025,2,BSBA-MM,1077
2025,2,BSCS,268
2025,2,BSED-ENGL,209
2025,2,BSED-FIL,146
2025,2,BSED-MATH,107
2025,2,BSED-SOCSTUD,80
2025,2,BSISM,1422
2025,2,BSM,711
2025,2,BSOA,444
2025,2,GEN  MID,1
